,close,foreignNotional,high,homeNotional,lastSize,low,open,symbol,timestamp,trades,turnover,volume,vwap
0,964.83,2366859.0,964.83,2477.706241229999,9551,943.24,959.14,XBTUSD,2017-01-01 00:00:00+00:00,639,247770624123,2366859,955.2649
1,1001.11,2249061.0,1014.97,2298.2991726499977,2000,961.11,964.83,XBTUSD,2017-01-02 00:00:00+00:00,797,229829917265,2249061,978.5789
2,1020.9,2457024.0,1037.32,2412.7780439399994,4842,998.48,1001.11,XBTUSD,2017-01-03 00:00:00+00:00,829,241277804394,2457024,1018.3403
3,1037.28,2885260.0,1038.87,2813.8564831500003,2127,1014.55,1020.9,XBTUSD,2017-01-04 00:00:00+00:00,993,281385648315,2885260,1025.3781
4,1124.88,8343693.0,1152.76,7661.074699309994,658,1032.08,1037.28,XBTUSD,2017-01-05 00:00:00+00:00,1498,766107469931,8343693,1089.1111
5,1002.18,7302953.0,1500.0,6901.6414023000025,9374,893.98,1124.88,XBTUSD,2017-01-06 00:00:00+00:00,1209,690164140230,7302953,1058.1563
6,893.41,3522639.0,1029.81,3827.433000369998,2456,853.44,1002.18,XBTUSD,2017-01-07 00:00:00+00:00,855,382743300037,3522639,920.3696
7,904.97,5458037.0,915.74,6247.373957819988,1,809.48,893.41,XBTUSD,2017-01-08 00:00:00+00:00,1170,624737395782,5458037,873.66
8,908.94,2831704.0,941.5,3103.638315569999,7118,876.2,904.97,XBTUSD,2017-01-09 00:00:00+00:00,902,310363831557,2831704,912.3838
9,899.04,2500358.0,910.64,2808.2422877999957,1000,868.29,908.94,XBTUSD,2017-01-10 00:00:00+00:00,1082,280824228780,2500358,890.3689
10,902.59,2512430.0,938.53,2778.393400649997,981,790.56,899.04,XBTUSD,2017-01-11 00:00:00+00:00,754,277839340065,2512430,904.2818
11,764.99,3968301.0,917.77,4884.501884569999,1,741.28,902.59,XBTUSD,2017-01-12 00:00:00+00:00,1416,488450188457,3968301,812.4335
12,796.47,6151547.0,821.57,7954.184837660001,2040,703.62,764.99,XBTUSD,2017-01-13 00:00:00+00:00,1259,795418483766,6151547,773.3773
13,820.36,2312001.0,828.46,2898.98956595,5231,767.03,796.47,XBTUSD,2017-01-14 00:00:00+00:00,705,289898956595,2312001,797.5245
14,810.36,2256871.0,835.69,2745.124725599999,4537,803.69,820.36,XBTUSD,2017-01-15 00:00:00+00:00,805,274512472560,2256871,822.1385
15,816.15,2196495.0,926.98,2706.3003767300006,3153,803.41,810.36,XBTUSD,2017-01-16 00:00:00+00:00,690,270630037673,2196495,811.629
16,827.99,1667751.0,832.49,2023.6374378399992,1475,813.16,816.15,XBTUSD,2017-01-17 00:00:00+00:00,696,202363743784,1667751,824.1373
17,902.71,2140349.0,908.59,2439.8741045899983,750,824.17,827.99,XBTUSD,2017-01-18 00:00:00+00:00,758,243987410459,2140349,877.2392
18,881.11,2160366.0,913.6,2462.705936969998,993,842.83,902.71,XBTUSD,2017-01-19 00:00:00+00:00,721,246270593697,2160366,877.2392
19,895.48,2472165.0,910.31,2777.904581440001,2000,873.29,881.11,XBTUSD,2017-01-20 00:00:00+00:00,708,277790458144,2472165,889.941
20,888.51,3019992.0,897.68,3399.3381340200067,1662,876.42,895.48,XBTUSD,2017-01-21 00:00:00+00:00,1068,339933813402,3019992,888.4072
21,915.14,2492722.0,927.82,2722.1669177199947,4006,888.03,888.51,XBTUSD,2017-01-22 00:00:00+00:00,743,272216691772,2492722,915.7174
22,921.75,1517660.0,933.7,1653.0349095400004,2000,887.88,915.14,XBTUSD,2017-01-23 00:00:00+00:00,715,165303490954,1517660,918.1135
23,916.35,1983771.0,930.53,2157.4887144299996,100,910.25,921.75,XBTUSD,2017-01-24 00:00:00+00:00,633,215748871443,1983771,919.4895
24,884.75,2083728.0,921.01,2305.536145309997,3574,884.75,916.35,XBTUSD,2017-01-25 00:00:00+00:00,752,230553614531,2083728,903.7996
25,894.5,1446948.0,902.53,1617.7484784699993,3189,884.66,884.75,XBTUSD,2017-01-26 00:00:00+00:00,605,161774847847,1446948,894.4224
26,915.51,1370758.0,918.83,1515.02607916,5634,893.16,894.5,XBTUSD,2017-01-27 00:00:00+00:00,687,151502607916,1370758,904.7809
27,916.17,1240384.0,929.4,1352.5344159200013,2000,908.15,915.51,XBTUSD,2017-01-28 00:00:00+00:00,1123,135253441592,1240384,917.0862
28,917.97,784826.0,921.55,854.8647568900019,900,914.66,916.17,XBTUSD,2017-01-29 00:00:00+00:00,673,85486475689,784826,918.0713
29,912.59,1318888.0,921.07,1437.8597170800015,1001,912.46,917.97,XBTUSD,2017-01-30 00:00:00+00:00,602,143785971708,1318888,917.2629
30,919.16,1094046.0,920.24,1193.706787200001,6945,911.15,912.59,XBTUSD,2017-01-31 00:00:00+00:00,478,119370678720,1094046,916.5147
31,966.88,2357699.0,18572.51,2484.202155540002,1931,918.09,919.16,XBTUSD,2017-02-01 00:00:00+00:00,571,248420215554,2357699,949.0818
32,983.73,1407942.0,988.09,1447.4282613700007,1593,962.63,966.88,XBTUSD,2017-02-02 00:00:00+00:00,489,144742826137,1407942,972.7248
33,1009.32,1148064.0,1011.11,1158.4221798299998,850,974.37,983.73,XBTUSD,2017-02-03 00:00:00+00:00,490,115842217983,1148064,991.0606
34,1017.21,2216250.0,1026.78,2188.887290809997,2000,994.58,1009.32,XBTUSD,2017-02-04 00:00:00+00:00,647,218888729081,2216250,1012.5044
35,1031.43,1135411.0,1040.74,1114.216140410001,2000,1004.46,1017.21,XBTUSD,2017-02-05 00:00:00+00:00,783,111421614041,1135411,1019.0252
36,1015.8,770324.0,2000.0,760.0229834399994,4610,768.0,1031.43,XBTUSD,2017-02-06 00:00:00+00:00,523,76002298344,770324,1013.5615
37,1024.8,536139.0,1337.0,528.9728133399989,10,780.01,1015.8,XBTUSD,2017-02-07 00:00:00+00:00,734,52897281334,536139,1013.5512
38,1053.0,510941.0,1058.02,491.82911662000026,102,1024.68,1024.8,XBTUSD,2017-02-08 00:00:00+00:00,630,49182911662,510941,1038.8639
39,1053.73,1576678.0,1070.22,1502.3017586200008,10,1013.0,1053.0,XBTUSD,2017-02-09 00:00:00+00:00,1864,150230175862,1576678,1049.5162
40,994.06,3098043.0,1078.42,3092.768935970031,22678,936.61,1053.73,XBTUSD,2017-02-10 00:00:00+00:00,1946,309276893597,3098043,1001.7129
41,987.56,1668285.0,994.91,1728.8942152000027,10,936.04,994.06,XBTUSD,2017-02-11 00:00:00+00:00,1875,172889421520,1668285,964.9436
42,1006.33,2086928.0,1019.55,2087.7482922000013,1499,979.24,987.56,XBTUSD,2017-02-12 00:00:00+00:00,817,208774829220,2086928,999.6102
43,993.76,947558.0,1005.79,949.2769537200003,2000,989.78,1006.33,XBTUSD,2017-02-13 00:00:00+00:00,895,94927695372,947558,998.1933
44,991.75,923905.0,1001.13,932.6403405799998,994,966.73,993.76,XBTUSD,2017-02-14 00:00:00+00:00,742,93264034058,923905,990.6385
45,1004.47,2291097.0,1027.21,2280.079869849997,1633,982.8,991.75,XBTUSD,2017-02-15 00:00:00+00:00,803,228007986985,2291097,1004.8332
46,1004.3,983629.0,1009.07,980.7028289200019,222,995.86,1004.47,XBTUSD,2017-02-16 00:00:00+00:00,1261,98070282892,983629,1002.9889
47,1033.87,2353402.0,1049.5,2297.2573419,1404,1003.82,1004.3,XBTUSD,2017-02-17 00:00:00+00:00,753,229725734190,2353402,1024.4432
48,1048.69,2147878.0,1067.51,2050.3061950700003,10,1021.78,1033.87,XBTUSD,2017-02-18 00:00:00+00:00,685,205030619507,2147878,1047.5921
49,1056.43,1983117.0,1064.35,1882.3075761700004,6072,768.0,1048.69,XBTUSD,2017-02-19 00:00:00+00:00,586,188230757617,1983117,1053.5632
50,1050.24,1376197.0,1069.49,1307.87224062,1115,1040.15,1056.43,XBTUSD,2017-02-20 00:00:00+00:00,403,130787224062,1376197,1052.2439
51,1079.6,1352095.0,1085.94,1273.4474382799995,1399,1041.79,1050.24,XBTUSD,2017-02-21 00:00:00+00:00,644,127344743828,1352095,1061.7627
52,1120.08,3608319.0,1126.51,3285.247587409999,1500,1074.1,1079.6,XBTUSD,2017-02-22 00:00:00+00:00,2323,328524758741,3608319,1098.3459
53,1118.12,7438323.0,10000.0,6653.45256996,15,700.12,1120.08,XBTUSD,2017-02-23 00:00:00+00:00,1471,665345256996,7438323,1117.968
54,1165.25,4127757.0,1174.49,3633.0872003100008,10,1104.12,1118.12,XBTUSD,2017-02-24 00:00:00+00:00,1452,363308720031,4127757,1136.1571
55,1176.79,6391382.0,1290.0,5500.431753409997,10,499.0,1165.25,XBTUSD,2017-02-25 00:00:00+00:00,3115,550043175341,6391382,1161.98
56,1145.03,4234395.0,1196.88,3616.6164250200004,10,1121.55,1176.79,XBTUSD,2017-02-26 00:00:00+00:00,1614,361661642502,4234395,1170.8231
57,1177.49,2010702.0,1194.2,1725.7663178500004,1,1131.4,1145.03,XBTUSD,2017-02-27 00:00:00+00:00,1035,172576631785,2010702,1165.1074
58,1191.47,3614562.0,1204.98,3046.6233849499986,10,1168.59,1177.49,XBTUSD,2017-02-28 00:00:00+00:00,5246,304662338495,3614562,1186.4226
59,1187.84,2884690.0,1206.0,2430.7315821299985,10,1164.26,1191.47,XBTUSD,2017-03-01 00:00:00+00:00,3354,243073158213,2884690,1186.7605
60,1229.0,4302455.0,1250.0,3571.8745188699977,10,1176.0,1187.84,XBTUSD,2017-03-02 00:00:00+00:00,3239,357187451887,4302455,1204.5435
61,1260.15,2903059.0,1450.41,2320.2258608199995,10,1111.0,1229.0,XBTUSD,2017-03-03 00:00:00+00:00,1601,232022586082,2903059,1251.2043
62,1288.81,2923367.0,1294.67,2292.36631306,2435,1238.02,1260.15,XBTUSD,2017-03-04 00:00:00+00:00,2408,229236631306,2923367,1275.2662
63,1264.26,2445128.0,1296.03,1928.3381107199991,1943,1238.02,1288.81,XBTUSD,2017-03-05 00:00:00+00:00,940,192833811072,2445128,1268.0057
64,1275.06,1776723.0,1276.57,1405.42895144,1496,1244.81,1264.26,XBTUSD,2017-03-06 00:00:00+00:00,956,140542895144,1776723,1264.1905
65,1278.08,4105171.0,1296.39,3215.86413101,8083,1207.65,1275.06,XBTUSD,2017-03-07 00:00:00+00:00,1117,321586413101,4105171,1276.5523
66,1231.26,3837560.0,1280.52,3124.9474711899998,10,1001.0,1278.08,XBTUSD,2017-03-08 00:00:00+00:00,1672,312494747119,3837560,1228.0486
67,1150.69,3745809.0,1240.92,3158.2401520300004,10,1144.62,1231.26,XBTUSD,2017-03-09 00:00:00+00:00,1933,315824015203,3745809,1186.0567
68,1191.7,3836390.0,1212.62,3249.267589070001,2647,1130.3,1150.69,XBTUSD,2017-03-10 00:00:00+00:00,1706,324926758907,3836390,1180.7072
69,1121.67,5352921.0,1316.82,4473.563769350001,10,1060.89,1191.7,XBTUSD,2017-03-11 00:00:00+00:00,1476,447356376935,5352921,1196.573
70,1181.18,2012872.0,1197.27,1722.2867519400006,30,1115.19,1121.67,XBTUSD,2017-03-12 00:00:00+00:00,2012,172228675194,2012872,1168.7295
71,1229.7,2077676.0,1237.15,1728.7747718299997,7281,1175.31,1181.18,XBTUSD,2017-03-13 00:00:00+00:00,1328,172877477183,2077676,1201.822
72,1242.77,1744854.0,1251.34,1413.4541164299997,4812,1221.0,1229.7,XBTUSD,2017-03-14 00:00:00+00:00,1878,141345411643,1744854,1234.4612
73,1245.95,3782537.0,1257.44,3042.3530550200007,6195,1225.0,1242.77,XBTUSD,2017-03-15 00:00:00+00:00,1153,304235305502,3782537,1243.3017
74,1260.0,2188593.0,1260.0,1748.68089108,9197,1243.62,1245.95,XBTUSD,2017-03-16 00:00:00+00:00,1235,174868089108,2188593,1251.5801
75,1176.47,2909137.0,1266.86,2371.1787766999987,10,1134.73,1260.0,XBTUSD,2017-03-17 00:00:00+00:00,1449,237117877670,2909137,1226.8885
76,1074.69,2353721.0,1175.71,2065.450516419983,90,1068.6,1176.47,XBTUSD,2017-03-18 00:00:00+00:00,4074,206545051642,2353721,1139.5752
77,970.6,2764100.0,1100.7,2719.5916259900005,10,948.97,1074.69,XBTUSD,2017-03-19 00:00:00+00:00,2731,271959162599,2764100,1016.3738
78,1018.88,1545500.0,1061.7,1518.59407502,100,969.96,970.6,XBTUSD,2017-03-20 00:00:00+00:00,2246,151859407502,1545500,1017.7185
79,1037.15,2765242.0,1053.3,2661.70605639,3404,1017.45,1018.88,XBTUSD,2017-03-21 00:00:00+00:00,1254,266170605639,2765242,1038.9071
80,1114.78,2015105.0,1119.22,1861.1047772100003,2760,1038.78,1037.15,XBTUSD,2017-03-22 00:00:00+00:00,1209,186110477721,2015105,1082.755
81,1034.34,3285134.0,1116.5,3099.1154787399996,10,994.16,1114.78,XBTUSD,2017-03-23 00:00:00+00:00,1823,309911547874,3285134,1060.0295
82,1030.43,2230307.0,1052.84,2155.99302868,1655,1009.87,1034.34,XBTUSD,2017-03-24 00:00:00+00:00,1010,215599302868,2230307,1034.4792
83,937.71,3844424.0,1035.42,3874.2377003400015,20,925.83,1030.43,XBTUSD,2017-03-25 00:00:00+00:00,3451,387423770034,3844424,992.3096
84,961.02,2171437.0,968.82,2325.62864267,10,893.29,937.71,XBTUSD,2017-03-26 00:00:00+00:00,2696,232562864267,2171437,933.7068
85,965.78,1485881.0,997.95,1534.96999261,1801,945.78,961.02,XBTUSD,2017-03-27 00:00:00+00:00,3310,153496999261,1485881,968.0261
86,1038.81,1686437.0,1044.02,1672.8115088099999,1423,960.03,965.78,XBTUSD,2017-03-28 00:00:00+00:00,2194,167281150881,1686437,1008.1458
87,1043.25,2345141.0,1072.88,2245.3175200400005,3175,1013.06,1038.81,XBTUSD,2017-03-29 00:00:00+00:00,1703,224531752004,2345141,1044.4628
88,1038.83,2337884.0,1060.26,2264.0042971000007,10,1010.22,1043.25,XBTUSD,2017-03-30 00:00:00+00:00,1340,226400429710,2337884,1032.6418
89,1032.0,2509123.0,1312.0,2432.71832334,1,10.0,1038.83,XBTUSD,2017-03-31 00:00:00+00:00,1196,243271832334,2509123,1031.417
90,1080.0,2269654.0,1087.2,2137.9123842899994,10,1034.4,1032.0,XBTUSD,2017-04-01 00:00:00+00:00,737,213791238429,2269654,1061.6275
91,1090.2,4053994.0,1111.8,3728.6579466900002,600,1063.7,1080.0,XBTUSD,2017-04-02 00:00:00+00:00,1064,372865794669,4053994,1087.2638
92,1098.8,1840171.0,1110.4,1686.5359369799994,1356,1069.0,1090.2,XBTUSD,2017-04-03 00:00:00+00:00,798,168653593698,1840171,1091.0956
93,1145.9,2133777.0,1156.9,1884.2540048099988,10,1099.1,1098.8,XBTUSD,2017-04-04 00:00:00+00:00,771,188425400481,2133777,1132.4259
94,1142.5,1256519.0,1161.9,1099.78212698,1557,1126.4,1145.9,XBTUSD,2017-04-05 00:00:00+00:00,537,109978212698,1256519,1142.5177
95,1135.2,4424490.0,1167.7,3936.2662837300004,4112,1102.0,1142.5,XBTUSD,2017-04-06 00:00:00+00:00,707,393626628373,4424490,1124.0375
96,1192.5,1364411.0,1209.0,1156.6528975200001,15,1134.6,1135.2,XBTUSD,2017-04-07 00:00:00+00:00,819,115665289752,1364411,1179.6209
97,1191.3,1787478.0,1212.0,1497.8723026699997,1491,1176.7,1192.5,XBTUSD,2017-04-08 00:00:00+00:00,629,149787230267,1787478,1193.3459
98,1185.5,2598638.0,1217.3,2183.76049194,14,1162.0,1191.3,XBTUSD,2017-04-09 00:00:00+00:00,791,218376049194,2598638,1189.9945
99,1213.9,1424481.0,1231.3,1172.92004365,20,1197.4,1211.6,XBTUSD,2017-04-11 00:00:00+00:00,656,117292004365,1424481,1214.4766
100,1227.3,1792212.0,1237.5,1471.7128073699996,1079,1202.0,1213.9,XBTUSD,2017-04-12 00:00:00+00:00,634,147171280737,1792212,1217.7746
101,1218.5,2217108.0,1233.7,1820.4343129400002,10,1188.0,1227.3,XBTUSD,2017-04-13 00:00:00+00:00,673,182043431294,2217108,1217.9081
102,1176.7,1323280.0,1223.9,1117.71886951,6099,1155.1,1218.5,XBTUSD,2017-04-14 00:00:00+00:00,1277,111771886951,1323280,1183.9223
103,1185.3,728117.0,1203.6,613.11927353,1443,1172.7,1176.7,XBTUSD,2017-04-15 00:00:00+00:00,734,61311927353,728117,1187.5638
104,1183.3,1147328.0,1202.1,975.8966400500002,1521,891.8,1185.3,XBTUSD,2017-04-16 00:00:00+00:00,945,97589664005,1147328,1175.6684
105,1190.8,827828.0,1203.9,694.99634678,20,1180.7,1183.3,XBTUSD,2017-04-17 00:00:00+00:00,721,69499634678,827828,1191.1285
106,1198.9,580232.0,1217.7,485.47337682999984,4646,1181.9,1190.8,XBTUSD,2017-04-18 00:00:00+00:00,751,48547337683,580232,1195.2001
107,1206.4,1393872.0,1217.7,1153.3572905599995,2230,1197.7,1198.9,XBTUSD,2017-04-19 00:00:00+00:00,925,115335729056,1393872,1208.5468
108,1210.3,886017.0,1216.5,735.98010181,1,1194.3,1206.4,XBTUSD,2017-04-20 00:00:00+00:00,877,73598010181,886017,1203.862
109,1235.4,1400427.0,1242.5,1138.99791948,20,1208.5,1210.3,XBTUSD,2017-04-21 00:00:00+00:00,897,113899791948,1400427,1229.5284
110,1246.3,1023317.0,1260.0,819.6442859500002,1,1231.3,1235.4,XBTUSD,2017-04-22 00:00:00+00:00,717,81964428595,1023317,1248.5018
111,1238.7,819546.0,1249.5,662.0847631,815,1212.0,1246.3,XBTUSD,2017-04-23 00:00:00+00:00,621,66208476310,819546,1237.8382
112,1247.0,300706.0,1248.9,242.48173014000005,20,1231.7,1238.7,XBTUSD,2017-04-24 00:00:00+00:00,396,24248173014,300706,1240.1255
113,1255.2,817622.0,1260.2,654.29933582,2914,1239.6,1247.0,XBTUSD,2017-04-25 00:00:00+00:00,592,65429933582,817622,1249.6251
114,1278.9,878363.0,1282.7,690.1360452399999,1432,1255.2,1255.2,XBTUSD,2017-04-26 00:00:00+00:00,834,69013604524,878363,1272.7504
115,1291.1,993926.0,1315.8,767.927131,3099,1273.6,1278.9,XBTUSD,2017-04-27 00:00:00+00:00,284,76792713100,993926,1294.2973
116,1345.0,1242565.0,1351.7,939.7731361999997,9000,1290.2,1291.1,XBTUSD,2017-04-28 00:00:00+00:00,360,93977313620,1242565,1322.2091
117,1343.5,1755003.0,1361.7,1315.3473644500023,15,1301.5,1345.0,XBTUSD,2017-04-29 00:00:00+00:00,474,131534736445,1755003,1334.2584
118,1350.4,1421906.0,1355.2,1058.7552448299991,4243,1327.5,1343.5,XBTUSD,2017-04-30 00:00:00+00:00,487,105875524483,1421906,1343.003
119,1368.2,955993.0,1374.3,711.7717333300001,4063,1329.6,1350.4,XBTUSD,2017-05-01 00:00:00+00:00,560,71177173333,955993,1343.1292
120,1415.6,894269.0,1443.1,637.7916811899997,1725,1366.8,1368.2,XBTUSD,2017-05-02 00:00:00+00:00,568,63779168119,894269,1402.1509
121,1460.5,1911227.0,1485.6,1316.5923044499998,3829,1393.5,1415.6,XBTUSD,2017-05-03 00:00:00+00:00,672,131659230445,1911227,1451.6527
122,1516.7,1423828.0,1519.4,969.41804073,100,1442.7,1460.5,XBTUSD,2017-05-04 00:00:00+00:00,398,96941804073,1423828,1468.7523
123,1550.2,1724142.0,1639.0,1104.9313882700003,1538,1502.2,1516.7,XBTUSD,2017-05-05 00:00:00+00:00,700,110493138827,1724142,1560.4276
124,1531.0,1442538.0,1618.9,922.5915269799996,20,1518.7,1550.2,XBTUSD,2017-05-06 00:00:00+00:00,756,92259152698,1442538,1563.575
125,1571.5,975787.0,1580.6,624.7780364600001,1750,1533.9,1531.0,XBTUSD,2017-05-07 00:00:00+00:00,717,62477803646,975787,1561.8167
126,1584.3,1237018.0,1590.9,790.5619088400001,1,1532.9,1571.5,XBTUSD,2017-05-08 00:00:00+00:00,562,79056190884,1237018,1564.7493
127,1682.7,1419705.0,1682.7,882.97626664,7000,1582.3,1584.3,XBTUSD,2017-05-09 00:00:00+00:00,410,88297626664,1419705,1607.8721
128,1720.7,1163217.0,1776.0,674.8744317100001,11195,1655.3,1682.7,XBTUSD,2017-05-10 00:00:00+00:00,407,67487443171,1163217,1723.6327
129,1786.3,1152705.0,1796.3,657.0583242999999,6031,1691.0,1720.7,XBTUSD,2017-05-11 00:00:00+00:00,465,65705832430,1152705,1754.3552
130,1830.0,2647873.0,2000.0,1452.0892460500002,1000,1761.5,1786.3,XBTUSD,2017-05-12 00:00:00+00:00,539,145208924605,2647873,1823.5198
131,1695.0,2187621.0,1836.5,1234.7632592499997,1000,1650.0,1830.0,XBTUSD,2017-05-13 00:00:00+00:00,724,123476325925,2187621,1771.6989
132,1781.9,3073913.0,1782.5,1793.6422946799996,1851,1608.8,1695.0,XBTUSD,2017-05-14 00:00:00+00:00,1048,179364229468,3073913,1713.7961
133,1790.3,658677.0,1822.6,367.46399666,101,1764.0,1781.9,XBTUSD,2017-05-15 00:00:00+00:00,1735,36746399666,658677,1792.5002
134,1730.6,3489402.0,1800.2,2005.85148427,2567,1701.3,1790.3,XBTUSD,2017-05-16 00:00:00+00:00,723,200585148427,3489402,1739.6145
135,1741.6,3094033.0,1760.4,1795.0892093399998,1870,1679.7,1730.6,XBTUSD,2017-05-17 00:00:00+00:00,805,179508920934,3094033,1723.6327
136,1797.7,2790720.0,1837.3,1558.56268218,8993,1697.0,1741.6,XBTUSD,2017-05-18 00:00:00+00:00,552,155856268218,2790720,1790.5744
137,1891.2,2932613.0,1891.2,1606.18994135,2593,1778.3,1797.7,XBTUSD,2017-05-19 00:00:00+00:00,605,160618994135,2932613,1825.8504
138,1961.9,1518135.0,1972.1,794.6281477000001,2444,1873.1,1891.2,XBTUSD,2017-05-20 00:00:00+00:00,234,79462814770,1518135,1910.5116
139,2035.9,657224.0,2035.9,331.00403280000006,250,1952.9,1961.9,XBTUSD,2017-05-21 00:00:00+00:00,228,33100403280,657224,1985.5847
140,2039.4,663844.0,2083.8,326.66560911000005,1005,1990.0,2035.9,XBTUSD,2017-05-22 00:00:00+00:00,160,32666560911,663844,2032.1899
141,2109.9,1377171.0,2251.3,646.7070638199999,2657,2026.1,2039.4,XBTUSD,2017-05-23 00:00:00+00:00,460,64670706382,1377171,2129.5172
142,2256.0,2337056.0,2271.0,1050.1258190400001,1,2099.9,2109.9,XBTUSD,2017-05-24 00:00:00+00:00,504,105012581904,2337056,2225.5358
143,2428.4,1932337.0,2477.2,813.8045614199996,8890,2271.0,2256.0,XBTUSD,2017-05-25 00:00:00+00:00,293,81380456142,1932337,2374.4509
144,2318.4,6273947.0,2776.9,2418.6212702399985,4000,2253.2,2428.4,XBTUSD,2017-05-26 00:00:00+00:00,637,241862127024,6273947,2594.0337
145,2274.9,12233778.0,2634.7,5285.003947620002,1000,2072.0,2318.4,XBTUSD,2017-05-27 00:00:00+00:00,1028,528500394762,12233778,2314.8148
146,2065.8,14090930.0,2574.0,6957.882998020027,7556,1891.9,2274.9,XBTUSD,2017-05-28 00:00:00+00:00,2132,695788299802,14090930,2025.1934
147,2203.5,5640761.0,2328.6,2554.941848349998,1000,2074.2,2065.8,XBTUSD,2017-05-29 00:00:00+00:00,1052,255494184835,5640761,2207.7979
148,2280.2,7187007.0,2359.6,3188.853057170001,7201,2124.2,2203.5,XBTUSD,2017-05-30 00:00:00+00:00,952,318885305717,7187007,2253.8259
149,2177.8,4000521.0,2343.5,1765.2844785600003,13094,2138.1,2280.2,XBTUSD,2017-05-31 00:00:00+00:00,753,176528447856,4000521,2266.2376
150,2296.6,2816773.0,2330.0,1247.15896077,17457,2172.6,2177.8,XBTUSD,2017-06-01 00:00:00+00:00,426,124715896077,2816773,2258.5599
151,2402.5,3033537.0,2464.5,1267.83881784,6316,2302.8,2296.6,XBTUSD,2017-06-02 00:00:00+00:00,520,126783881784,3033537,2392.6879
152,2483.6,2006331.0,2483.6,826.3145611799998,10,2383.2,2402.5,XBTUSD,2017-06-03 00:00:00+00:00,386,82631456118,2006331,2428.0685
153,2546.4,6849558.0,2599.1,2709.55811611,10,2443.6,2483.6,XBTUSD,2017-06-04 00:00:00+00:00,1976,270955811611,6849558,2527.9337
154,2522.1,5920984.0,2715.2,2343.90998191,53,2474.7,2546.4,XBTUSD,2017-06-05 00:00:00+00:00,1723,234390998191,5920984,2526.1456
155,2695.4,4312445.0,2695.4,1652.12895367,10,2527.0,2522.1,XBTUSD,2017-06-06 00:00:00+00:00,1165,165212895367,4312445,2610.2845
156,2874.5,5862267.0,2932.0,2064.4235565499994,100,2695.1,2695.4,XBTUSD,2017-06-07 00:00:00+00:00,1374,206442355655,5862267,2839.699
157,2695.9,6993234.0,2887.2,2541.8161003299997,666,2600.3,2874.5,XBTUSD,2017-06-08 00:00:00+00:00,771,254181610033,6993234,2751.3344
158,2804.9,5774158.0,2821.8,2098.0777193400004,10000,2620.8,2695.9,XBTUSD,2017-06-09 00:00:00+00:00,1402,209807771934,5774158,2752.1673
159,2810.1,5363021.0,2858.3,1903.0772693900003,666,2772.2,2804.9,XBTUSD,2017-06-10 00:00:00+00:00,708,190307726939,5363021,2818.0922
160,2914.0,6954875.0,2920.6,2436.73539677,968,2790.2,2810.1,XBTUSD,2017-06-11 00:00:00+00:00,1369,243673539677,6954875,2854.2071
161,2977.7,9777146.0,2984.2,3355.15271612,17836,2859.1,2914.0,XBTUSD,2017-06-12 00:00:00+00:00,1288,335515271612,9777146,2914.0926
162,2658.6,22849817.0,3014.8,8467.43390049,5311,2481.7,2977.7,XBTUSD,2017-06-13 00:00:00+00:00,3240,846743390049,22849817,2698.6183
163,2704.7,9567768.0,2788.8,3532.18955961,4442,2649.3,2658.6,XBTUSD,2017-06-14 00:00:00+00:00,1128,353218955961,9567768,2708.7792
164,2448.2,16088079.0,2804.8,6138.582761450001,666,2331.9,2704.7,XBTUSD,2017-06-15 00:00:00+00:00,1390,613858276145,16088079,2620.8198
165,2415.3,15854891.0,2529.7,6767.768726149998,100,2092.0,2448.2,XBTUSD,2017-06-16 00:00:00+00:00,2151,676776872615,15854891,2342.7434
166,2486.4,6278058.0,2516.4,2556.0203938900004,9232,2305.0,2415.3,XBTUSD,2017-06-17 00:00:00+00:00,719,255602039389,6278058,2456.2179
167,2641.9,3787692.0,2674.6,1470.0901356600002,25015,2426.3,2486.4,XBTUSD,2017-06-18 00:00:00+00:00,514,147009013566,3787692,2576.5227
168,2513.6,4436996.0,2662.1,1743.9575296200003,6511,2460.6,2641.9,XBTUSD,2017-06-19 00:00:00+00:00,543,174395752962,4436996,2544.2703
169,2594.8,3357970.0,2594.8,1316.24028103,1000,2488.5,2513.6,XBTUSD,2017-06-20 00:00:00+00:00,654,131624028103,3357970,2551.2157
170,2736.4,5217100.0,2770.5,1964.6446825199996,40,2589.3,2594.8,XBTUSD,2017-06-21 00:00:00+00:00,975,196464468252,5217100,2655.5488
171,2650.0,5975774.0,2781.6,2217.23174267,100,2574.3,2736.4,XBTUSD,2017-06-22 00:00:00+00:00,1323,221723174267,5975774,2695.1998
172,2695.0,5120379.0,2732.1,1919.0582646399992,100,2599.8,2650.0,XBTUSD,2017-06-23 00:00:00+00:00,1323,191905826464,5120379,2668.232
173,2690.6,5211594.0,2751.9,1923.9454208500001,34,2666.8,2695.0,XBTUSD,2017-06-24 00:00:00+00:00,1374,192394542085,5211594,2708.8525
174,2572.7,3348117.0,2718.6,1277.63219596,500,2514.0,2690.6,XBTUSD,2017-06-25 00:00:00+00:00,2026,127763219596,3348117,2620.6137
175,2505.5,7013457.0,2629.8,2749.406045860002,1,2433.2,2572.7,XBTUSD,2017-06-26 00:00:00+00:00,2875,274940604586,7013457,2550.9553
176,2413.8,10780312.0,2557.9,4464.586004899999,800,2296.2,2505.5,XBTUSD,2017-06-27 00:00:00+00:00,3603,446458600490,10780312,2414.6424
177,2576.5,12629092.0,2578.1,5241.449231320002,51531,2279.3,2413.8,XBTUSD,2017-06-28 00:00:00+00:00,4011,524144923132,12629092,2409.5224
178,2553.5,3086686.0,2597.5,1214.9951190900006,48,2470.9,2576.5,XBTUSD,2017-06-29 00:00:00+00:00,2791,121499511909,3086686,2540.5213
179,2540.2,4666994.0,2594.3,1826.82194579,180,2507.3,2553.5,XBTUSD,2017-06-30 00:00:00+00:00,2232,182682194579,4666994,2554.7352
180,2458.7,7293657.0,2555.3,2907.1153966999996,8177,2450.7,2540.2,XBTUSD,2017-07-01 00:00:00+00:00,2538,290711539670,7293657,2508.9066
181,2423.7,8479234.0,2513.8,3442.9396559599995,9748,2395.7,2458.7,XBTUSD,2017-07-02 00:00:00+00:00,6090,344293965596,8479234,2462.8115
182,2513.3,7539910.0,2550.0,3090.349182210002,20,2380.7,2423.7,XBTUSD,2017-07-03 00:00:00+00:00,5095,309034918221,7539910,2439.8575
183,2543.3,6217676.0,2587.6,2457.5391179899993,200,2479.1,2513.3,XBTUSD,2017-07-04 00:00:00+00:00,3174,245753911799,6217676,2530.0443
184,2601.9,6755342.0,2658.2,2597.32896852,72,2542.9,2543.3,XBTUSD,2017-07-05 00:00:00+00:00,2539,259732896852,6755342,2600.9155
185,2609.6,6021384.0,2626.8,2330.2515577699996,128,2544.1,2601.9,XBTUSD,2017-07-06 00:00:00+00:00,1730,233025155777,6021384,2584.0461
186,2600.6,6877930.0,2637.4,2647.3166158800013,65,2558.5,2609.6,XBTUSD,2017-07-07 00:00:00+00:00,2328,264731661588,6877930,2598.0774
187,2505.2,8835592.0,2627.6,3468.75287561,11158,2462.3,2600.6,XBTUSD,2017-07-08 00:00:00+00:00,1569,346875287561,8835592,2547.2515
188,2559.6,8226602.0,2559.6,3268.6641809899997,22722,2458.0,2505.2,XBTUSD,2017-07-09 00:00:00+00:00,843,326866418099,8226602,2516.863
189,2500.6,11788665.0,2577.0,4630.343193379999,8320,2489.6,2559.6,XBTUSD,2017-07-10 00:00:00+00:00,1092,463034319338,11788665,2546.0193
190,2333.2,17685907.0,2530.0,7320.942261189997,10000,2263.0,2500.6,XBTUSD,2017-07-11 00:00:00+00:00,2130,732094226119,17685907,2415.8091
191,2309.5,7265974.0,2405.4,3095.51807761,8192,2265.9,2333.2,XBTUSD,2017-07-12 00:00:00+00:00,2466,309551807761,7265974,2347.3076
192,2399.3,8184909.0,2420.7,3505.8236183800004,26532,2245.2,2309.5,XBTUSD,2017-07-13 00:00:00+00:00,3735,350582361838,8184909,2334.703
193,2338.4,4804083.0,2419.6,2033.4211337399993,50,2314.4,2399.3,XBTUSD,2017-07-14 00:00:00+00:00,1677,203342113374,4804083,2362.614
194,2213.7,9295804.0,2357.6,4128.246663640001,2436,2138.8,2338.4,XBTUSD,2017-07-15 00:00:00+00:00,2368,412824666364,9295804,2251.7958
195,1960.9,16540220.0,2218.8,8052.190830420001,100,1960.9,2213.7,XBTUSD,2017-07-16 00:00:00+00:00,1742,805219083042,16540220,2054.1473
196,1917.0,18269082.0,2045.7,9464.727491280004,2735,1194.2,1960.9,XBTUSD,2017-07-17 00:00:00+00:00,2162,946472749128,18269082,1930.2411
197,2227.4,14083437.0,2227.4,6733.398275529998,42946,1906.3,1917.0,XBTUSD,2017-07-18 00:00:00+00:00,1486,673339827553,14083437,2091.6126
198,2264.0,10621367.0,2398.8,4593.726278199999,43,2218.1,2307.8,XBTUSD,2017-07-20 00:00:00+00:00,3444,459372627820,10621367,2312.1922
199,2860.5,18108378.0,2928.7,7014.370861080002,100,2263.4,2264.0,XBTUSD,2017-07-21 00:00:00+00:00,2288,701437086108,18108378,2581.6445
200,2667.7,28776199.0,2874.8,10608.884269059998,13972,2608.7,2860.5,XBTUSD,2017-07-22 00:00:00+00:00,2339,1060888426906,28776199,2712.5264
201,2827.6,54690963.0,2896.0,19605.438330449997,21055,2647.7,2667.7,XBTUSD,2017-07-23 00:00:00+00:00,4209,1960543833045,54690963,2789.6337
202,2750.1,43780392.0,2853.2,15762.437718910001,12578,2669.5,2827.6,XBTUSD,2017-07-24 00:00:00+00:00,3536,1576243771891,43780392,2777.5463
203,2758.8,16832414.0,3000.0,6090.320347910001,4000,2656.4,2750.1,XBTUSD,2017-07-25 00:00:00+00:00,1529,609032034791,16832414,2763.8052
204,2593.2,26352721.0,2775.0,10032.165280160001,14092,2509.3,2758.8,XBTUSD,2017-07-26 00:00:00+00:00,2197,1003216528016,26352721,2626.8782
205,2522.8,13361190.0,2614.4,5360.0515279500005,3062,2392.3,2593.2,XBTUSD,2017-07-27 00:00:00+00:00,1126,536005152795,13361190,2492.771
206,2668.3,16892507.0,2694.9,6561.20987179,5875,2512.0,2522.8,XBTUSD,2017-07-28 00:00:00+00:00,1791,656120987179,16892507,2574.6653
207,2781.3,17837596.0,3000.1,6497.5354274699985,12170,2654.1,2668.3,XBTUSD,2017-07-29 00:00:00+00:00,1940,649753542747,17837596,2745.2918
208,2679.7,21013805.0,2792.1,7742.527148420001,33249,2653.1,2781.3,XBTUSD,2017-07-30 00:00:00+00:00,2717,774252714842,21013805,2714.1461
209,2732.7,15220171.0,2760.0,5681.94148975,100,2565.9,2679.7,XBTUSD,2017-07-31 00:00:00+00:00,2291,568194148975,15220171,2678.7388
210,2864.4,13483340.0,2891.4,4862.656217029999,1700,2700.2,2732.7,XBTUSD,2017-08-01 00:00:00+00:00,1447,486265621703,13483340,2772.8483
211,2731.3,14428946.0,2927.9,5210.569515690001,1000,2660.0,2864.4,XBTUSD,2017-08-02 00:00:00+00:00,1963,521056951569,14428946,2769.2393
212,2694.3,14768534.0,2759.4,5444.197345300025,5018,2655.3,2731.3,XBTUSD,2017-08-03 00:00:00+00:00,4723,544419734530,14768534,2712.7472
213,2786.7,8712432.0,2804.7,3166.0756735899995,3416,2689.0,2694.3,XBTUSD,2017-08-04 00:00:00+00:00,2064,316607567359,8712432,2751.8644
214,2856.6,8280087.0,2875.9,2929.6563466300004,200,2750.1,2786.7,XBTUSD,2017-08-05 00:00:00+00:00,1408,292965634663,8280087,2826.3757
215,3249.8,27183235.0,3338.8,8677.0977032,42,2855.0,2856.6,XBTUSD,2017-08-06 00:00:00+00:00,2545,867709770320,27183235,3132.8321
216,3218.1,27577859.0,3456.0,8496.148474180001,2500,3150.0,3249.8,XBTUSD,2017-08-07 00:00:00+00:00,1999,849614847418,27577859,3246.0155
217,3388.3,30064391.0,3438.4,9104.773099839986,9793,3146.4,3218.1,XBTUSD,2017-08-08 00:00:00+00:00,7646,910477309984,30064391,3302.0737
218,3408.0,49603916.0,4000.0,14441.257833110025,60894,3300.0,3388.3,XBTUSD,2017-08-09 00:00:00+00:00,11321,1444125783311,49603916,3434.8916
219,3340.9,28765020.0,3425.1,8602.049929710016,31594,3229.7,3408.0,XBTUSD,2017-08-10 00:00:00+00:00,17979,860204992971,28765020,3344.0342
220,3427.5,16172542.0,3490.0,4750.319779120005,200,3314.1,3340.9,XBTUSD,2017-08-11 00:00:00+00:00,6490,475031977912,16172542,3404.603
221,3650.7,18353351.0,3729.9,5157.100944440004,26305,3412.1,3427.5,XBTUSD,2017-08-12 00:00:00+00:00,4414,515710094444,18353351,3558.9722
222,3871.1,16755321.0,3954.4,4392.006058599997,1000,3614.8,3650.7,XBTUSD,2017-08-13 00:00:00+00:00,7193,439200605860,16755321,3815.0465
223,4052.5,29391258.0,4202.9,7303.942888460004,50,3814.2,3871.1,XBTUSD,2017-08-14 00:00:00+00:00,9999,730394288846,29391258,4024.1449
224,4321.6,49873465.0,4326.8,11860.758188930005,1,3945.9,4052.5,XBTUSD,2017-08-15 00:00:00+00:00,11842,1186075818893,49873465,4205.0376
225,4158.2,81681950.0,4444.5,19867.64005254001,100,3826.0,4321.6,XBTUSD,2017-08-16 00:00:00+00:00,7601,1986764005254,81681950,4111.335
226,4375.7,63431044.0,4408.4,15224.457925349996,26132,3920.0,4158.2,XBTUSD,2017-08-17 00:00:00+00:00,12391,1522445792535,63431044,4166.4931
227,4280.5,56887360.0,4509.3,13092.76509865001,2000,4170.0,4375.7,XBTUSD,2017-08-18 00:00:00+00:00,11225,1309276509865,56887360,4344.9924
228,4104.3,19832282.0,4385.3,4692.855531209999,50,3979.1,4280.5,XBTUSD,2017-08-19 00:00:00+00:00,7130,469285553121,19832282,4226.1854
229,4128.8,22103567.0,4185.0,5413.784383429998,50,3964.6,4104.3,XBTUSD,2017-08-20 00:00:00+00:00,6093,541378438343,22103567,4082.9659
230,4053.0,22683994.0,4150.0,5551.723079829999,50,4031.2,4128.8,XBTUSD,2017-08-21 00:00:00+00:00,9781,555172307983,22683994,4085.9688
231,3997.0,27544428.0,4115.5,6850.878653600002,25924,3800.0,4053.0,XBTUSD,2017-08-22 00:00:00+00:00,5928,685087865360,27544428,4020.5854
232,4085.7,46123334.0,5000.0,11842.290648379998,150,3603.8,3997.0,XBTUSD,2017-08-23 00:00:00+00:00,11449,1184229064838,46123334,3894.8393
233,4129.5,58636165.0,4259.3,14180.618058330017,50,4041.8,4085.7,XBTUSD,2017-08-24 00:00:00+00:00,9769,1418061805833,58636165,4134.9653
234,4311.1,18830702.0,4348.0,4488.163261050002,50,4103.8,4129.5,XBTUSD,2017-08-25 00:00:00+00:00,5439,448816326105,18830702,4195.6868
235,4356.6,30780113.0,4448.5,7069.7701209900015,50,4285.2,4311.1,XBTUSD,2017-08-26 00:00:00+00:00,4998,706977012099,30780113,4353.8837
236,4336.2,12382834.0,4379.9,2871.4345192399987,348,4253.9,4356.6,XBTUSD,2017-08-27 00:00:00+00:00,3526,287143451924,12382834,4312.5755
237,4334.9,10373573.0,4391.7,2388.268116,9900,4308.0,4336.2,XBTUSD,2017-08-28 00:00:00+00:00,3370,238826811600,10373573,4343.6713
238,4381.4,17060213.0,4395.8,3978.1246546999987,1000,4186.9,4334.9,XBTUSD,2017-08-29 00:00:00+00:00,2863,397812465470,17060213,4288.5325
239,4594.6,26791248.0,4644.4,5971.9226855399975,4054,4346.7,4381.4,XBTUSD,2017-08-30 00:00:00+00:00,2893,597192268554,26791248,4486.3167
240,4579.4,29520517.0,4649.9,6443.6090951700035,5954,4497.0,4594.6,XBTUSD,2017-08-31 00:00:00+00:00,3056,644360909517,29520517,4581.4817
241,4735.8,22013258.0,4786.9,4715.936355449997,2,4576.4,4579.4,XBTUSD,2017-09-01 00:00:00+00:00,3044,471593635545,22013258,4667.8803
242,4931.5,13274526.0,4931.5,2758.7118107499996,7894,4694.0,4735.8,XBTUSD,2017-09-02 00:00:00+00:00,2468,275871181075,13274526,4812.088
243,4624.4,31281234.0,4979.5,6676.01476067,100,4483.2,4931.5,XBTUSD,2017-09-03 00:00:00+00:00,5584,667601476067,31281234,4685.816
244,4615.1,15329802.0,4723.6,3323.8134621199997,166,4462.0,4624.4,XBTUSD,2017-09-04 00:00:00+00:00,3136,332381346212,15329802,4612.1207
245,4374.7,33141410.0,4621.1,7468.593443409998,5634,4138.2,4615.1,XBTUSD,2017-09-05 00:00:00+00:00,5872,746859344341,33141410,4437.5416
246,4408.5,35991831.0,4490.9,8349.892165520005,27246,4134.3,4374.7,XBTUSD,2017-09-06 00:00:00+00:00,5703,834989216552,35991831,4310.5306
247,4606.7,30686522.0,4649.5,6751.023874860001,10000,4407.8,4408.5,XBTUSD,2017-09-07 00:00:00+00:00,5279,675102387486,30686522,4545.6612
248,4621.5,29009672.0,4700.0,6356.748106910007,7043,4442.3,4606.7,XBTUSD,2017-09-08 00:00:00+00:00,5574,635674810691,29009672,4563.7094
249,4332.0,49689696.0,4691.9,11173.52862678,1,4132.5,4621.5,XBTUSD,2017-09-09 00:00:00+00:00,4899,1117352862678,49689696,4447.2116
250,4323.1,17534062.0,4426.6,4064.877357800001,8750,4187.8,4332.0,XBTUSD,2017-09-10 00:00:00+00:00,2111,406487735780,17534062,4313.6917
251,4233.0,19685911.0,4349.9,4681.035901289998,27473,4063.6,4323.1,XBTUSD,2017-09-11 00:00:00+00:00,3183,468103590129,19685911,4205.5682
252,4205.8,22667635.0,4363.1,5373.337237809998,5859,4114.1,4233.0,XBTUSD,2017-09-12 00:00:00+00:00,3305,537333723781,22667635,4218.6973
253,4158.3,26696816.0,4375.5,6281.831085780006,2697,4061.5,4205.8,XBTUSD,2017-09-13 00:00:00+00:00,6012,628183108578,26696816,4249.8938
254,3873.7,20620761.0,4169.3,5269.573524760001,1,3730.8,4158.3,XBTUSD,2017-09-14 00:00:00+00:00,4432,526957352476,20620761,3913.2817
255,3246.2,28079310.0,3934.3,7991.622147849973,13316,3219.4,3873.7,XBTUSD,2017-09-15 00:00:00+00:00,15754,799162214785,28079310,3513.7034
256,3719.4,33159122.0,3827.0,9712.208285500003,1,2975.6,3246.2,XBTUSD,2017-09-16 00:00:00+00:00,7411,971220828550,33159122,3414.2511
257,3707.4,22426943.0,3940.0,6023.1890053199995,10,3571.2,3719.4,XBTUSD,2017-09-17 00:00:00+00:00,4988,602318900532,22426943,3723.5627
258,3691.3,25740914.0,3839.3,7024.474995079999,2000,3475.0,3707.4,XBTUSD,2017-09-18 00:00:00+00:00,6558,702447499508,25740914,3664.4802
259,4090.2,44532083.0,4300.1,11185.582758359995,200,3689.4,3691.3,XBTUSD,2017-09-19 00:00:00+00:00,6582,1118558275836,44532083,3981.2087
260,3904.7,59544582.0,4166.4,15024.262867740006,100,3700.1,4090.2,XBTUSD,2017-09-20 00:00:00+00:00,10275,1502426286774,59544582,3963.3784
261,3863.7,36585495.0,4050.0,9282.445548990003,4,3825.6,3904.7,XBTUSD,2017-09-21 00:00:00+00:00,9080,928244554899,36585495,3941.508
262,3619.8,59307376.0,3921.4,15818.14764193,25,3548.8,3863.7,XBTUSD,2017-09-22 00:00:00+00:00,22211,1581814764193,59307376,3749.3907
263,3607.8,26898465.0,3765.0,7437.177160310002,100,3501.3,3619.8,XBTUSD,2017-09-23 00:00:00+00:00,12189,743717716031,26898465,3616.7673
264,3784.0,29428239.0,3849.5,7872.298707739995,1,3569.4,3607.8,XBTUSD,2017-09-24 00:00:00+00:00,7753,787229870774,29428239,3738.3178
265,3666.7,22868978.0,3797.4,6176.090936659997,155,3611.3,3784.0,XBTUSD,2017-09-25 00:00:00+00:00,7765,617609093666,22868978,3702.8808
266,3919.1,22459720.0,4013.3,5860.018732939999,391,3662.2,3666.7,XBTUSD,2017-09-26 00:00:00+00:00,9737,586001873294,22459720,3832.7393
267,3887.7,18354740.0,3993.8,4686.684384419995,100,3851.4,3919.1,XBTUSD,2017-09-27 00:00:00+00:00,6893,468668438442,18354740,3916.5002
268,4198.0,32639046.0,4255.4,8042.892112519997,25,3869.7,3887.7,XBTUSD,2017-09-28 00:00:00+00:00,3853,804289211252,32639046,4058.2769
269,4188.2,41960691.0,12001.0,10033.131021829999,40,2626.1,4198.0,XBTUSD,2017-09-29 00:00:00+00:00,3650,1003313102183,41960691,4182.3505
270,4159.1,39514930.0,4241.5,9529.041679299999,360,4000.0,4188.2,XBTUSD,2017-09-30 00:00:00+00:00,10746,952904167930,39514930,4146.7966
271,4334.8,49428562.0,4377.9,11582.582623409999,100,4146.0,4159.1,XBTUSD,2017-10-01 00:00:00+00:00,11410,1158258262341,49428562,4267.6681
272,4383.0,36709515.0,4383.3,8540.983674939998,10000,4242.8,4334.8,XBTUSD,2017-10-02 00:00:00+00:00,8264,854098367494,36709515,4298.1174
273,4390.0,35097940.0,4500.0,7977.0830822800035,194,4315.1,4383.0,XBTUSD,2017-10-03 00:00:00+00:00,10806,797708308228,35097940,4399.8592
274,4310.6,26312688.0,4421.2,6124.293459449999,4302,4206.1,4390.0,XBTUSD,2017-10-04 00:00:00+00:00,6064,612429345945,26312688,4296.4554
275,4216.2,16452705.0,4344.5,3879.2346315800014,100,4137.2,4310.6,XBTUSD,2017-10-05 00:00:00+00:00,6432,387923463158,16452705,4241.2418
276,4316.6,27335177.0,4398.6,6412.2390696400025,81,4045.5,4216.2,XBTUSD,2017-10-06 00:00:00+00:00,11415,641223906964,27335177,4263.1198
277,4360.4,17542106.0,4446.2,4011.85079491,5783,4281.1,4316.6,XBTUSD,2017-10-07 00:00:00+00:00,4942,401185079491,17542106,4372.7316
278,4426.9,27006205.0,4450.0,6212.877669920001,4000,2626.1,4360.4,XBTUSD,2017-10-08 00:00:00+00:00,3762,621287766992,27006205,4346.8811
279,4600.2,32857718.0,4612.2,7285.9690885900045,1500,4415.3,4426.9,XBTUSD,2017-10-09 00:00:00+00:00,4439,728596908859,32857718,4509.7862
280,4770.9,45440591.0,4871.8,9721.024833309997,47,4405.3,4600.2,XBTUSD,2017-10-10 00:00:00+00:00,10314,972102483331,45440591,4674.6447
281,4749.2,36418516.0,4918.2,7564.228799550009,1133,4688.7,4770.9,XBTUSD,2017-10-11 00:00:00+00:00,14687,756422879955,36418516,4814.6365
282,4821.6,43189774.0,4915.9,9001.946513810002,10,4693.0,4749.2,XBTUSD,2017-10-12 00:00:00+00:00,11577,900194651381,43189774,4798.004
283,5446.6,76113139.0,5448.1,14684.822107679996,3316,4803.0,4821.6,XBTUSD,2017-10-13 00:00:00+00:00,14802,1468482210768,76113139,5183.2271
284,5640.2,83218195.0,5905.7,14767.063795619997,203,5368.8,5446.6,XBTUSD,2017-10-14 00:00:00+00:00,17500,1476706379562,83218195,5635.7078
285,5819.3,33900383.0,6100.0,5954.4494537100045,200,5565.1,5640.2,XBTUSD,2017-10-15 00:00:00+00:00,10903,595444945371,33900383,5693.4639
286,5690.1,43289846.0,5843.8,7740.479875780001,5000,5412.9,5819.3,XBTUSD,2017-10-16 00:00:00+00:00,3960,774047987578,43289846,5592.8412
287,5754.1,40247644.0,5791.3,7091.748648170013,19694,5322.2,5690.1,XBTUSD,2017-10-17 00:00:00+00:00,6727,709174864817,40247644,5675.3689
288,5597.4,44887175.0,5837.7,7993.092186100003,9726,5521.2,5754.1,XBTUSD,2017-10-18 00:00:00+00:00,7108,799309218610,44887175,5615.7691
289,5575.5,68672192.0,5600.0,12759.304532709992,100,5100.0,5597.4,XBTUSD,2017-10-19 00:00:00+00:00,13425,1275930453271,68672192,5382.1313
290,5695.3,54048809.0,5751.9,9557.303076690003,15,5458.4,5575.5,XBTUSD,2017-10-20 00:00:00+00:00,8219,955730307669,54048809,5655.4688
291,5993.0,45578731.0,20000.0,7804.383038669989,13607,5200.0,5695.3,XBTUSD,2017-10-21 00:00:00+00:00,10484,780438303867,45578731,5840.4392
292,6016.4,39112265.0,6214.0,6428.051273350002,250,5887.7,5993.0,XBTUSD,2017-10-22 00:00:00+00:00,7545,642805127335,39112265,6084.9458
293,5994.3,53378618.0,6080.5,9020.121162609985,3,5700.0,6016.4,XBTUSD,2017-10-23 00:00:00+00:00,14744,902012116261,53378618,5917.8601
294,5885.8,66323553.0,7826.3,11385.85660454,100,5400.0,5994.3,XBTUSD,2017-10-24 00:00:00+00:00,13471,1138585660454,66323553,5825.1296
295,5520.0,50042098.0,5894.6,8867.272752449999,14,5436.6,5885.8,XBTUSD,2017-10-25 00:00:00+00:00,10309,886727275245,50042098,5643.6593
296,5736.5,60530061.0,5753.8,10934.001127440022,6325,5361.0,5520.0,XBTUSD,2017-10-26 00:00:00+00:00,11918,1093400112744,60530061,5536.1789
297,5770.0,39311105.0,7095.1,6756.10858257,50,5680.0,5887.3,XBTUSD,2017-10-28 00:00:00+00:00,10824,675610858257,39311105,5818.6896
298,5742.2,50592086.0,5899.2,8781.104371499943,10000,5638.7,5770.0,XBTUSD,2017-10-29 00:00:00+00:00,15920,878110437150,50592086,5761.6962
299,6146.0,56845653.0,6335.9,9650.51541942001,20,5684.0,5742.2,XBTUSD,2017-10-30 00:00:00+00:00,16875,965051541942,56845653,5890.6692
300,6125.1,51162447.0,6230.5,8345.527613470003,10,6025.3,6146.0,XBTUSD,2017-10-31 00:00:00+00:00,11176,834552761347,51162447,6130.832
301,6440.3,79157568.0,6496.1,12643.214407449948,100,6050.6,6125.1,XBTUSD,2017-11-01 00:00:00+00:00,20079,1264321440745,79157568,6260.9567
302,6761.1,98047662.0,7808.5,15042.711014979992,8240,6000.0,6440.3,XBTUSD,2017-11-02 00:00:00+00:00,12321,1504271101498,98047662,6518.055
303,7036.6,66760118.0,7448.8,9523.080323800004,2381,6699.8,6761.1,XBTUSD,2017-11-03 00:00:00+00:00,10700,952308032380,66760118,7010.6562
304,7182.7,86328716.0,7487.0,11888.191558800003,50000,6901.2,7036.6,XBTUSD,2017-11-04 00:00:00+00:00,16050,1188819155880,86328716,7262.1641
305,7375.0,80433520.0,7571.5,11025.343001300003,4813,6977.6,7182.7,XBTUSD,2017-11-05 00:00:00+00:00,9190,1102534300130,80433520,7295.5424
306,7386.0,79513487.0,7616.5,10699.236177800003,226,7177.5,7375.0,XBTUSD,2017-11-06 00:00:00+00:00,12487,1069923617780,79513487,7432.1813
307,6988.0,144758064.0,7500.0,20154.410901099993,139763,6866.0,7386.0,XBTUSD,2017-11-07 00:00:00+00:00,25612,2015441090110,144758064,7182.876
308,7123.5,100126496.0,7325.0,14157.989073069974,18,6907.5,6988.0,XBTUSD,2017-11-08 00:00:00+00:00,24125,1415798907307,100126496,7072.1358
309,7470.0,120189861.0,10000.0,16264.45882914001,4407,6767.0,7123.5,XBTUSD,2017-11-09 00:00:00+00:00,17805,1626445882914,120189861,7389.8906
310,7136.0,51331200.0,7472.5,7093.268740800001,143999,7057.5,7470.0,XBTUSD,2017-11-10 00:00:00+00:00,10193,709326874080,51331200,7236.9373
311,6588.5,102165869.0,7358.5,15002.426882639997,94000,6300.0,7136.0,XBTUSD,2017-11-11 00:00:00+00:00,28596,1500242688264,102165869,6810.1335
312,6361.0,128795782.0,6884.0,19811.281150779978,25,6208.0,6588.5,XBTUSD,2017-11-12 00:00:00+00:00,20497,1981128115078,128795782,6501.5279
313,5897.5,133195735.0,7000.0,21947.349195960014,9990,5550.5,6361.0,XBTUSD,2017-11-13 00:00:00+00:00,19754,2194734919596,133195735,6069.066
314,6528.5,94286953.0,7990.0,14771.768594090005,750,5817.5,5897.5,XBTUSD,2017-11-14 00:00:00+00:00,13819,1477176859409,94286953,6383.2504
315,6599.5,66860568.0,6739.5,10129.992168899991,500,6464.5,6528.5,XBTUSD,2017-11-15 00:00:00+00:00,10388,1012999216890,66860568,6600.6601
316,7300.0,135007757.0,7350.0,19033.248977840012,223,6601.5,6599.5,XBTUSD,2017-11-16 00:00:00+00:00,15345,1903324897784,135007757,7093.7079
317,7839.5,102464307.0,8025.5,13433.447627200001,1000,7134.0,7300.0,XBTUSD,2017-11-17 00:00:00+00:00,10948,1343344762720,102464307,7627.7651
318,7695.0,84680060.0,8031.0,10830.910041589997,6874,7543.0,7839.5,XBTUSD,2017-11-18 00:00:00+00:00,11325,1083091004159,84680060,7818.6083
319,7784.0,98502665.0,7890.0,12803.581901219994,9,7421.0,7695.0,XBTUSD,2017-11-19 00:00:00+00:00,9731,1280358190122,98502665,7693.4913
320,8026.0,67371973.0,8099.5,8559.285141990005,7700,7647.0,7784.0,XBTUSD,2017-11-20 00:00:00+00:00,10374,855928514199,67371973,7871.5365
321,8237.0,84264790.0,8350.0,10381.868492379997,10000,7896.0,8026.0,XBTUSD,2017-11-21 00:00:00+00:00,10444,1038186849238,84264790,8116.8831
322,8104.5,100942700.0,8368.5,12419.684124870004,99749,7735.0,8237.0,XBTUSD,2017-11-22 00:00:00+00:00,19131,1241968412487,100942700,8128.0988
323,8240.0,59892789.0,8350.0,7314.84048404999,25,7998.0,8104.5,XBTUSD,2017-11-23 00:00:00+00:00,21222,731484048405,59892789,8187.9964
324,7989.5,57180124.0,8319.0,6995.872282649984,142739,7967.0,8240.0,XBTUSD,2017-11-24 00:00:00+00:00,11670,699587228265,57180124,8173.9415
325,8216.0,114216417.0,8379.5,13974.521781040046,5000,7901.0,7989.5,XBTUSD,2017-11-25 00:00:00+00:00,21198,1397452178104,114216417,8173.2734
326,8760.0,103058861.0,9000.0,12124.753032719993,923,8099.0,8216.0,XBTUSD,2017-11-26 00:00:00+00:00,21477,1212475303272,103058861,8500.51
327,9330.0,98148043.0,9547.0,10822.389600529998,1000,8745.0,8760.0,XBTUSD,2017-11-27 00:00:00+00:00,35681,1082238960053,98148043,9069.4722
328,9739.0,62463445.0,9774.0,6498.30487314,111,9330.0,9330.0,XBTUSD,2017-11-28 00:00:00+00:00,31045,649830487314,62463445,9612.6117
329,9900.0,113185384.0,9980.5,11495.889881300014,2724,9623.0,9739.0,XBTUSD,2017-11-29 00:00:00+00:00,12638,1149588988130,113185384,9846.3962
330,9861.0,208270119.0,1000000.0,20064.70871701005,4,8973.0,9900.0,XBTUSD,2017-11-30 00:00:00+00:00,17720,2006470871701,208270119,10380.982
331,9935.0,185928350.0,12000.0,18755.861762749995,100,8928.5,9861.0,XBTUSD,2017-12-01 00:00:00+00:00,13410,1875586176275,185928350,9913.7504
332,10854.0,189480535.0,11020.0,18230.148013470014,20000,9375.5,9935.0,XBTUSD,2017-12-02 00:00:00+00:00,15080,1823014801347,189480535,10393.9299
333,10911.0,173651469.0,11777.0,15893.605470419992,500,10611.0,10854.0,XBTUSD,2017-12-03 00:00:00+00:00,14628,1589360547042,173651469,10926.5734
334,11266.5,170123835.0,11852.5,15065.658275070007,1000,10511.5,10911.0,XBTUSD,2017-12-04 00:00:00+00:00,21421,1506565827507,170123835,11293.0548
335,11620.5,157844631.0,11628.0,13856.491991379986,1000,10850.0,11266.5,XBTUSD,2017-12-05 00:00:00+00:00,30610,1385649199138,157844631,11392.1167
336,11695.5,89263761.0,11938.0,7629.144194560001,100,11353.0,11620.5,XBTUSD,2017-12-06 00:00:00+00:00,12800,762914419456,89263761,11701.3808
337,13857.5,178525215.0,14125.0,14022.876744310028,1,11222.0,11695.5,XBTUSD,2017-12-07 00:00:00+00:00,26011,1402287674431,178525215,12732.3657
338,17009.0,268954816.0,99999.0,17547.996986660026,144904,12890.0,13857.5,XBTUSD,2017-12-08 00:00:00+00:00,28582,1754799698666,268954816,15328.0196
339,16112.0,259028621.0,17209.0,16473.874031560008,100000,13845.5,17009.0,XBTUSD,2017-12-09 00:00:00+00:00,26195,1647387403156,259028621,15725.743
340,14965.0,230884783.0,17000.0,15306.876392100012,20,13177.0,16112.0,XBTUSD,2017-12-10 00:00:00+00:00,18443,1530687639210,230884783,15085.2316
341,14930.5,257189379.0,16580.0,17707.086783400002,1000,13289.5,14965.0,XBTUSD,2017-12-11 00:00:00+00:00,27888,1770708678340,257189379,14526.4381
342,16673.0,282636574.0,1000000.0,17198.532300539973,100,12890.0,14930.5,XBTUSD,2017-12-12 00:00:00+00:00,43699,1719853230054,282636574,16433.8537
343,16942.5,211025108.0,24000.0,12490.860546839998,200,16048.0,16673.0,XBTUSD,2017-12-13 00:00:00+00:00,44810,1249086054684,211025108,16894.7457
344,16459.5,132393815.0,18495.5,7961.808072850002,2000,15710.0,16942.5,XBTUSD,2017-12-14 00:00:00+00:00,23218,796180807285,132393815,16630.6336
345,16581.5,112483147.0,17311.0,6830.592086879971,500,15700.0,16459.5,XBTUSD,2017-12-15 00:00:00+00:00,30452,683059208688,112483147,16469.0382
346,17617.0,94026133.0,19663.5,5398.672077969998,3821,16561.5,16581.5,XBTUSD,2017-12-16 00:00:00+00:00,8402,539867207797,94026133,17418.5682
347,19941.0,49058807.0,21500.0,2606.301443440004,4990,16813.0,17617.0,XBTUSD,2017-12-17 00:00:00+00:00,17740,260630144344,49058807,18825.3012
348,19380.5,38060784.0,22000.0,1940.4807708800004,2,19153.0,19941.0,XBTUSD,2017-12-18 00:00:00+00:00,11177,194048077088,38060784,19615.5355
349,19950.0,54769821.0,23114.0,2864.9846398999916,1500,17448.5,19380.5,XBTUSD,2017-12-19 00:00:00+00:00,13467,286498463990,54769821,19120.4589
350,17765.5,185173921.0,22506.5,10215.134185980003,4644,16806.0,19950.0,XBTUSD,2017-12-20 00:00:00+00:00,13871,1021513418598,185173921,18129.079
351,16459.0,194417623.0,18212.0,11660.443205070003,500,15700.0,17765.5,XBTUSD,2017-12-21 00:00:00+00:00,17565,1166044320507,194417623,16675.0042
352,15764.0,93015889.0,17300.0,5718.982494160007,801,14800.0,16459.0,XBTUSD,2017-12-22 00:00:00+00:00,18048,571898249416,93015889,16265.4522
353,13660.5,127292060.0,16000.0,9457.304495120014,50,9200.0,15764.0,XBTUSD,2017-12-23 00:00:00+00:00,27490,945730449512,127292060,13460.7619
354,14000.0,32004281.0,15400.0,2326.868062990001,851,7000.0,13660.5,XBTUSD,2017-12-24 00:00:00+00:00,5833,232686806299,32004281,13755.1582
355,13388.5,34683256.0,14087.5,2630.075359399998,1000,11250.0,14000.0,XBTUSD,2017-12-25 00:00:00+00:00,12122,263007535940,34683256,13187.3929
356,14570.0,24565512.0,15050.0,1816.5774448699988,1310,11000.0,13388.5,XBTUSD,2017-12-26 00:00:00+00:00,11109,181657744487,24565512,13524.4793
357,15642.0,60173853.0,16498.5,3976.4639209399948,167,12999.0,14570.0,XBTUSD,2017-12-27 00:00:00+00:00,9101,397646392094,60173853,15133.1719
358,16500.0,39574236.0,16800.0,2648.8686093199976,80,13200.0,15642.0,XBTUSD,2017-12-28 00:00:00+00:00,11761,264886860932,39574236,14940.9831
359,14143.5,44351669.0,16800.0,3172.3572449699955,10,12500.0,16500.0,XBTUSD,2017-12-29 00:00:00+00:00,17245,317235724497,44351669,13982.1029
360,12949.5,53689853.0,15026.0,3741.583897559998,8,12861.0,14143.5,XBTUSD,2017-12-30 00:00:00+00:00,35162,374158389756,53689853,14351.3203
361,13503.0,44752795.0,15032.0,3306.582485569997,8,11500.0,12949.5,XBTUSD,2017-12-31 00:00:00+00:00,33907,330658248557,44752795,13535.4629
362,13940.0,23611895.0,15000.0,1767.7780819500022,7,11700.0,13503.0,XBTUSD,2018-01-01 00:00:00+00:00,26053,176777808195,23611895,13358.2688
363,13553.5,31750388.0,13977.0,2365.701162420001,7,12510.5,13940.0,XBTUSD,2018-01-02 00:00:00+00:00,28869,236570116242,31750388,13422.8188
364,14728.0,43339395.0,16000.0,3146.9414846700015,1,11000.0,13553.5,XBTUSD,2018-01-03 00:00:00+00:00,28130,314694148467,43339395,13772.2077
365,14771.0,37913663.0,16000.0,2589.765503239996,80,12050.0,14728.0,XBTUSD,2018-01-04 00:00:00+00:00,32514,258976550324,37913663,14641.2884
366,15111.0,54526809.0,16000.0,3635.6685397700003,100,13100.0,14771.0,XBTUSD,2018-01-05 00:00:00+00:00,48101,363566853977,54526809,14999.25
367,16833.5,81481480.0,17600.0,5023.59552706,100,14350.0,15111.0,XBTUSD,2018-01-06 00:00:00+00:00,44193,502359552706,81481480,16220.6002
368,16560.0,49625027.0,17044.0,3021.2871193899996,14,15640.0,16833.5,XBTUSD,2018-01-07 00:00:00+00:00,19681,302128711939,49625027,16425.7556
369,16310.5,61238845.0,17000.0,3782.8641975499972,53,15649.0,16560.0,XBTUSD,2018-01-08 00:00:00+00:00,21688,378286419755,61238845,16189.0886
370,14717.0,74963349.0,17200.0,4956.6516255199995,41,13800.5,16310.5,XBTUSD,2018-01-09 00:00:00+00:00,28849,495665162552,74963349,15124.0169
371,15132.0,39863309.0,16000.0,2674.057113599999,646,14450.0,14717.0,XBTUSD,2018-01-10 00:00:00+00:00,24294,267405711360,39863309,14907.573
372,14400.5,50424709.0,15200.0,3589.987313700003,19,13100.0,15132.0,XBTUSD,2018-01-11 00:00:00+00:00,26079,358998731370,50424709,14046.9167
373,13393.5,63408466.0,14600.0,4708.120834920004,47,12371.0,14400.5,XBTUSD,2018-01-12 00:00:00+00:00,33800,470812083492,63408466,13468.0135
374,13799.0,52394637.0,14200.0,3795.3975531299966,25,12953.0,13393.5,XBTUSD,2018-01-13 00:00:00+00:00,26448,379539755313,52394637,13806.4338
375,14320.0,56648459.0,14482.0,3994.763663690003,65693,13250.0,13799.0,XBTUSD,2018-01-14 00:00:00+00:00,22653,399476366369,56648459,14182.3855
376,13597.5,23259837.0,14337.5,1697.2997006099963,6953,13361.0,14320.0,XBTUSD,2018-01-15 00:00:00+00:00,29528,169729970061,23259837,13704.262
377,13963.5,70972650.0,14500.0,5061.775241280002,71,13546.0,13597.5,XBTUSD,2018-01-16 00:00:00+00:00,32218,506177524128,70972650,14021.3124
378,10284.5,96973346.0,14225.0,8079.387005690001,8,10037.5,13963.5,XBTUSD,2018-01-17 00:00:00+00:00,37696,807938700569,96973346,12003.3609
379,11155.5,96974772.0,11486.0,9575.127976150003,10,5000.5,10284.5,XBTUSD,2018-01-18 00:00:00+00:00,31110,957512797615,96974772,10128.6336
380,11291.0,95572790.0,12130.0,8308.353055519987,10,10698.5,11155.5,XBTUSD,2018-01-19 00:00:00+00:00,26459,830835305552,95572790,11503.5086
381,11518.0,132965338.0,13500.0,11568.509955219999,81,9827.0,11291.0,XBTUSD,2018-01-20 00:00:00+00:00,29285,1156850995522,132965338,11494.2529
382,12783.5,109420391.0,13023.0,8746.613765199996,20,11492.0,11518.0,XBTUSD,2018-01-21 00:00:00+00:00,28046,874661376520,109420391,12510.9471
383,11520.5,132163931.0,12778.0,11118.908946940006,50,11064.0,12783.5,XBTUSD,2018-01-22 00:00:00+00:00,21084,1111890894694,132163931,11887.7794
384,10767.5,179003990.0,11873.5,16240.136079020023,100,10078.0,11520.5,XBTUSD,2018-01-23 00:00:00+00:00,39713,1624013607902,179003990,11022.9277
385,10834.0,180760161.0,11406.5,16932.638999929968,10,9953.5,10767.5,XBTUSD,2018-01-24 00:00:00+00:00,26060,1693263899993,180760161,10675.7767
386,11430.5,109485798.0,11475.5,9945.326585000008,9900,10499.5,10834.0,XBTUSD,2018-01-25 00:00:00+00:00,20769,994532658500,109485798,11009.5783
387,11131.0,187402565.0,953517.0,16409.847146670014,825,10100.0,11430.5,XBTUSD,2018-01-26 00:00:00+00:00,30371,1640984714667,187402565,11420.7401
388,11098.0,192346692.0,11608.5,17579.859340659994,156,10263.0,11131.0,XBTUSD,2018-01-27 00:00:00+00:00,37333,1757985934066,192346692,10942.1162
389,11367.5,164099443.0,11633.0,14639.029921110003,10000,10700.0,11098.0,XBTUSD,2018-01-28 00:00:00+00:00,21654,1463902992111,164099443,11210.7623
390,11617.0,113246241.0,11950.0,9780.440680910016,178,11319.5,11367.5,XBTUSD,2018-01-29 00:00:00+00:00,14966,978044068091,113246241,11579.4349
391,11152.0,192991138.0,11750.0,17275.426063850035,91,10250.0,11617.0,XBTUSD,2018-01-30 00:00:00+00:00,47527,1727542606385,192991138,11171.9361
392,9824.5,172385214.0,11190.0,16465.99888576002,5,9700.0,11152.0,XBTUSD,2018-01-31 00:00:00+00:00,34008,1646599888576,172385214,10470.1078
393,10183.0,55476464.0,10698.0,5522.825460790004,1,9444.5,9824.5,XBTUSD,2018-02-01 00:00:00+00:00,30271,552282546079,55476464,10045.2034
394,9092.5,89692723.0,10280.0,9701.203923079996,45,8500.0,10183.0,XBTUSD,2018-02-02 00:00:00+00:00,33192,970120392308,89692723,9245.5621
395,8640.0,85674449.0,9133.5,10300.342823930005,20000,5956.5,9092.5,XBTUSD,2018-02-03 00:00:00+00:00,19814,1030034282393,85674449,8318.0835
396,8110.5,79678848.0,9490.0,9297.436088590006,1,7708.5,9195.0,XBTUSD,2018-02-05 00:00:00+00:00,29063,929743608859,79678848,8570.4491
397,6679.0,71990237.0,8300.0,9840.940213249982,6,6100.0,8110.5,XBTUSD,2018-02-06 00:00:00+00:00,29383,984094021325,71990237,7315.8241
398,6822.0,79515772.0,7645.0,11872.837845979993,99,5850.0,6679.0,XBTUSD,2018-02-07 00:00:00+00:00,33120,1187283784598,79515772,6697.4751
399,7466.5,69573192.0,8430.0,8976.480658719993,4,6400.0,6822.0,XBTUSD,2018-02-08 00:00:00+00:00,37984,897648065872,69573192,7750.7363
400,8006.0,85416400.0,8450.5,10617.081220399989,189,7000.0,7466.5,XBTUSD,2018-02-09 00:00:00+00:00,36544,1061708122040,85416400,8045.6996
401,8393.5,71513018.0,8500.0,8846.636813320007,300,7512.5,8006.0,XBTUSD,2018-02-10 00:00:00+00:00,29829,884663681332,71513018,8084.0744
402,8221.0,112572253.0,9450.0,13083.201689940004,29,8002.0,8393.5,XBTUSD,2018-02-11 00:00:00+00:00,36172,1308320168994,112572253,8604.371
403,7882.0,66401332.0,8389.0,8262.438171249973,120,7450.0,8221.0,XBTUSD,2018-02-12 00:00:00+00:00,43057,826243817125,66401332,8036.6471
404,8551.0,104474386.0,8913.0,12361.161335089982,1,7010.0,7882.0,XBTUSD,2018-02-13 00:00:00+00:00,42306,1236116133509,104474386,8452.3709
405,8439.0,92659597.0,8949.0,10899.400150399999,5700,7815.5,8551.0,XBTUSD,2018-02-14 00:00:00+00:00,39480,1089940015040,92659597,8501.9554
406,9319.5,123417157.0,9500.0,14161.079987950001,1,7300.0,8439.0,XBTUSD,2018-02-15 00:00:00+00:00,41569,1416107998795,123417157,8715.3565
407,9970.0,122578133.0,17137.0,12509.769402320007,4,8500.0,9319.5,XBTUSD,2018-02-16 00:00:00+00:00,45097,1250976940232,122578133,9799.1181
408,10052.0,134836350.0,17000.0,13498.543827730024,2,9047.0,9970.0,XBTUSD,2018-02-17 00:00:00+00:00,37293,1349854382773,134836350,9989.0121
409,10990.0,200191403.0,13691.0,18575.32867141,10000,9851.5,10052.0,XBTUSD,2018-02-18 00:00:00+00:00,44504,1857532867141,200191403,10778.185
410,10319.5,134945208.0,11528.0,12721.485405869975,8,10010.0,10990.0,XBTUSD,2018-02-19 00:00:00+00:00,28059,1272148540587,134945208,10607.8286
411,11100.5,109317367.0,11200.0,10032.62657155998,100,10306.0,10319.5,XBTUSD,2018-02-20 00:00:00+00:00,29676,1003262657156,109317367,10896.8072
412,11415.5,110347383.0,11859.5,9603.687947299972,183,10521.0,11100.5,XBTUSD,2018-02-21 00:00:00+00:00,63719,960368794730,110347383,11490.2907
413,10630.0,99527745.0,11960.0,9084.99597121001,100,10400.5,11415.5,XBTUSD,2018-02-22 00:00:00+00:00,48736,908499597121,99527745,10955.3024
414,9948.0,139755934.0,11200.0,13570.529730310018,1500,9845.0,10630.0,XBTUSD,2018-02-23 00:00:00+00:00,54295,1357052973031,139755934,10298.6612
415,10146.5,250226751.0,10752.0,25121.549094930026,254,9355.5,9948.0,XBTUSD,2018-02-24 00:00:00+00:00,42968,2512154909493,250226751,9961.1515
416,9568.0,235087577.0,10700.0,23761.584597449913,30,9425.0,10146.5,XBTUSD,2018-02-25 00:00:00+00:00,35166,2376158459745,235087577,9894.1328
417,9594.5,346466628.0,9941.5,36345.424748540056,3,9235.0,9568.0,XBTUSD,2018-02-26 00:00:00+00:00,38302,3634542474854,346466628,9532.8885
418,10368.0,231756653.0,10527.0,23483.878397559998,7,9301.0,9594.5,XBTUSD,2018-02-27 00:00:00+00:00,36606,2348387839756,231756653,9869.7197
419,10630.5,204659583.0,11100.0,19338.713418869993,6,10061.5,10368.0,XBTUSD,2018-02-28 00:00:00+00:00,40379,1933871341887,204659583,10583.1305
420,10639.5,316612492.0,11561.0,29359.88931827983,6,10500.0,10630.5,XBTUSD,2018-03-01 00:00:00+00:00,57191,2935988931828,316612492,10783.9965
421,10930.0,205906479.0,11600.0,19018.284449720013,100,10334.5,10639.5,XBTUSD,2018-03-02 00:00:00+00:00,50116,1901828444972,205906479,10827.1979
422,10960.0,207236857.0,11700.0,18703.191195379943,70,10811.5,10930.0,XBTUSD,2018-03-03 00:00:00+00:00,70245,1870319119538,207236857,11080.3324
423,11340.0,188356804.0,11473.0,16760.900443049988,100,10811.0,10960.0,XBTUSD,2018-03-04 00:00:00+00:00,51161,1676090044305,188356804,11238.4806
424,11490.0,200554492.0,11500.0,17888.879852570026,100,10993.5,11340.0,XBTUSD,2018-03-05 00:00:00+00:00,32816,1788887985257,200554492,11212.0193
425,11639.0,174140264.0,11747.5,15129.885989089953,50,11350.0,11490.0,XBTUSD,2018-03-06 00:00:00+00:00,32771,1512988598909,174140264,11510.1289
426,10861.5,226357088.0,11747.5,20245.625881069984,100,10800.0,11639.0,XBTUSD,2018-03-07 00:00:00+00:00,52004,2024562588107,226357088,11180.6798
427,9909.0,232417650.0,11298.0,22319.58899692003,498,9000.5,10861.5,XBTUSD,2018-03-08 00:00:00+00:00,32341,2231958899692,232417650,10413.4125
428,9290.0,164281196.0,10237.0,17055.40172892004,1028,8755.0,9909.0,XBTUSD,2018-03-09 00:00:00+00:00,37848,1705540172892,164281196,9632.9833
429,9100.0,187867465.0,9600.0,21472.615200610035,1,7899.0,9290.0,XBTUSD,2018-03-10 00:00:00+00:00,44604,2147261520061,187867465,8749.6719
430,8696.5,177669555.0,9500.0,19466.513504729937,825,8450.0,9100.0,XBTUSD,2018-03-11 00:00:00+00:00,51275,1946651350473,177669555,9127.4188
431,9550.0,176117457.0,10117.5,19845.814684629968,865,7899.0,8696.5,XBTUSD,2018-03-12 00:00:00+00:00,52531,1984581468463,176117457,8874.6894
432,9306.0,159450312.0,10250.0,16845.776892970036,847,8966.0,9550.0,XBTUSD,2018-03-13 00:00:00+00:00,66601,1684577689297,159450312,9466.1113
433,9265.0,232537789.0,10100.0,25210.027992970012,3,8111.0,9306.0,XBTUSD,2018-03-14 00:00:00+00:00,84339,2521002799297,232537789,9224.2413
434,8199.5,272383602.0,9750.0,31645.73346263996,300,7880.0,9265.0,XBTUSD,2018-03-15 00:00:00+00:00,46799,3164573346264,272383602,8607.3334
435,8181.0,238407143.0,8350.0,29722.301284510017,26,7600.0,8199.5,XBTUSD,2018-03-16 00:00:00+00:00,61195,2972230128451,238407143,8021.1759
436,8215.0,248943394.0,8570.0,30064.43810928002,2000,7858.0,8181.0,XBTUSD,2018-03-17 00:00:00+00:00,51535,3006443810928,248943394,8280.8877
437,7793.5,263171805.0,8312.5,32973.83733011004,100,7660.0,8215.0,XBTUSD,2018-03-18 00:00:00+00:00,42456,3297383733011,263171805,7981.483
438,8125.0,335920460.0,8470.0,44515.28506980005,6000,6500.0,7793.5,XBTUSD,2018-03-19 00:00:00+00:00,48675,4451528506980,335920460,7546.6003
439,8634.0,249261660.0,8670.0,29780.870734369986,3977,8070.0,8125.0,XBTUSD,2018-03-20 00:00:00+00:00,69900,2978087073437,249261660,8370.3022
440,8904.5,375694209.0,9067.5,43406.134295039796,2476,8250.0,8634.0,XBTUSD,2018-03-21 00:00:00+00:00,53428,4340613429504,375694209,8655.7604
441,8903.0,364089940.0,9192.0,40531.33686836012,886,8700.0,8904.5,XBTUSD,2018-03-22 00:00:00+00:00,81404,4053133686836,364089940,8983.1117
442,8706.5,357585538.0,9086.0,40944.29918739001,999,8458.0,8903.0,XBTUSD,2018-03-23 00:00:00+00:00,85487,4094429918739,357585538,8733.6245
443,8912.5,350119495.0,8961.0,41016.44086965005,500,8200.0,8706.5,XBTUSD,2018-03-24 00:00:00+00:00,54255,4101644086965,350119495,8536.7936
444,8570.0,332258196.0,9019.5,37602.31986097004,49,8518.0,8912.5,XBTUSD,2018-03-25 00:00:00+00:00,53747,3760231986097,332258196,8836.264
445,8500.0,196179613.0,8845.0,22898.85028358997,138532,8421.0,8570.0,XBTUSD,2018-03-26 00:00:00+00:00,53259,2289885028359,196179613,8567.512
446,8349.0,351212591.0,8999.0,41984.54422790001,24,8025.5,8500.0,XBTUSD,2018-03-27 00:00:00+00:00,68478,4198454422790,351212591,8365.4007
447,7829.0,347782363.0,8373.5,43168.106815100095,100,7800.0,8349.0,XBTUSD,2018-03-28 00:00:00+00:00,60541,4316810681510,347782363,8056.7193
448,7919.0,303273723.0,8070.0,38362.00032840979,500,7751.5,7829.0,XBTUSD,2018-03-29 00:00:00+00:00,58923,3836200032841,303273723,7905.7633
449,7063.5,479616909.0,7961.5,64432.58070489963,1000,6882.0,7919.0,XBTUSD,2018-03-30 00:00:00+00:00,79031,6443258070490,479616909,7443.7993
450,6755.5,318479072.0,7129.0,46908.15806554996,1952,6376.0,7063.5,XBTUSD,2018-03-31 00:00:00+00:00,66541,4690815806555,318479072,6789.7882
